,0,1,2,3
0,2.0421213406251537,-0.4287942904749553,-0.8209690281482773,0.9023623762099037
1,0.0936406506792476,0.11411841872002128,-0.6203154729652683,-0.5626429671425671
2,0.7914125010220454,0.1969693532441894,-0.7341414868200624,-0.024715756775783273
3,0.7017039409201956,0.12192329281051152,-0.8965309369184278,-0.14405681021016487
4,0.45571474390335104,-0.054329655535632446,-1.4045428153397677,-0.4978811701130976
5,-0.07826907717976245,-1.4776319591366371,0.5587225023883211,-1.1343484419510959
6,-0.15419325178111612,-0.36107647526445324,0.35553681943779514,-1.4563621896789574
7,-0.7182301945046811,2.2629966330654088,0.915377170853908,0.9547208475068677
8,-0.1686293416821468,3.19525248121115,0.90665962103068,1.2605837607787829
9,-1.8398675242200104,0.7222476307061384,1.0669164497356176,0.5615140855399389
10,-0.8562782751794532,0.09994010356762172,0.04931361210693876,-0.4441566046655061
11,-0.6277508153455427,0.4682975617306947,0.08664189344781913,-0.29962274882994344
12,-0.7676613390504722,0.43984578625013604,-0.3547974078271047,-0.565488805642899
13,-0.49993520868816976,-0.11671788924215529,-0.0035090041008272775,-0.19977219156624315
14,-1.0641604256407697,-0.7363743561850524,-0.7112386139614104,-0.8174714607391191
15,-0.3348506442236154,-0.205121388311479,0.7296626935241315,-1.1380850200425925
16,-0.4217218312725862,-0.15967257735924542,0.3215096808224149,-1.3599719253105584
17,-0.7268453107406214,0.6209831300762892,0.5780055368520604,0.7385616678734134
18,0.0445865916761012,-0.29692674279339665,-0.5727424550694483,-0.44302562851199134
19,-0.09816130508169937,-0.44587338965986983,-0.7684181937410192,-0.606345833491359
20,0.46318603296870026,0.6672528770037724,-0.5387045852539691,-0.10470329774419211
21,-2.1301645808791636,0.49759456288818077,0.33205073068323415,-0.18754994825855859
22,0.46850337296722844,0.46151994725193884,0.3479198536977058,0.20461304852166226
23,0.20794055823925975,-0.05082731311864032,-0.5305084223145993,0.2834418280500555
24,-0.39128099709574715,1.2679802958620152,-1.1744625070124188,-1.3350717359785027
25,-0.09065856332991903,-1.465327641792988,1.6675285764713272,-0.4986561599519687
26,-1.340070706785692,1.1972601602036013,-0.39762928503213213,-0.0820954756894718
27,0.37171348518747216,0.2635744753492356,0.686781538359,-1.4241965897591862
28,-0.3629818010321423,0.018556403539874446,0.9479876846292347,-0.6986764847414723
29,1.2425804747307292,-1.6679833221007636,-0.01518173854998224,1.0570135519526216
30,-1.2058377227970796,-0.4206783462654696,-0.2751585891917514,-0.21101507731488686
31,-0.6859534866567817,-1.1911335884008525,-0.18834437655621014,0.632331708848602
32,-0.5058470382952054,-0.9607736103148488,-0.5284215089419944,0.4341272665915951
33,-0.5638566214669152,-1.6366416576232303,0.1466941322237861,0.8709767126505167
34,-1.352831682206553,0.10127634777781397,0.350556910389555,1.5838305693179215
35,0.7999523961259786,0.23722572702365424,0.4983966196103002,0.8256034900985039
36,-0.9050711092465882,2.074355765570836,1.2598189368342672,0.33891606446281847
37,-0.1340041221115459,0.25218093486112736,-0.5237403776187115,1.5913804471148367
38,2.197694999766479,0.7319873264963189,-1.8642079147658122,-0.32224875402312064
39,0.6048342588644547,-1.2075131815969726,2.8848357452459537,-1.4980594174514668
40,0.8748188386773933,0.29313513227718374,0.6072149291341536,-0.5176731008842664
41,-1.395186847545188,-1.764922531393782,-0.4778230570236694,0.1970252609259855
42,-2.4140393858497116,0.3929889110541647,0.2841919407560967,-0.8102211848151548
43,0.05879961432150198,0.6728840381758873,-0.9642288463777542,-0.14186921719160736
44,1.8160488774512467,-0.20287700928793087,-1.1692963898207165,-0.46981708627876684
45,-1.1487972130498718,-0.005234136324884199,1.3340722391412911,-0.2038731145535816
46,0.10556742738711793,1.3792188333934567,-0.7705112394258331,-1.1015238175781525
47,-0.2842079558536111,-0.31125651448111186,-0.6433723198381365,-1.3813783428733397
48,1.1395215079841483,0.3646417876829392,-0.15374835485222293,-0.6482104170714014
49,0.1958062764579718,1.5166421224888083,-0.10314607292005569,0.5290953187583131
50,-0.009813636359255674,1.2419184549966429,-0.8721821064751022,1.508264841987948
51,0.7134138096458641,0.9283833823504494,-1.0419549513900723,1.8624486471062822
52,-0.10734090684428582,0.10324122421526283,-1.1968803700665085,1.2241251903169863
53,0.7811760698955155,-1.810513887917479,-0.7948225025074047,0.11359753473789563
54,1.9147977811072725,0.09611555153263204,0.5288612358850331,1.4785494815218025
55,-0.20551869194367722,-0.31323118990612775,-1.2072427586228913,-0.6440761961827194
56,0.7839796451186701,1.6894843323090338,-1.397207280091375,0.032521581510105375
57,-1.185956501390323,-0.012112240742076627,-0.113013035837469,-0.5907277085974713
58,-0.10756013942370625,1.4060470750502214,-1.5307117753955573,-0.8313130104012836
59,-1.0067560473930388,-1.0364969480417678,-1.18089636337285,0.4973912403354928
60,-0.10685796339844254,-2.134548123281714,1.1357593266389874,1.2875754323253779
61,-0.40723126453031666,-0.25866684594971295,-1.2483870438311158,1.0994123278309016
62,0.09192666613871163,0.5140891733512644,0.9726163653002821,0.9027518841841525
63,-0.09123398417329436,-1.4926367460508754,-0.8830148470370843,-0.09275457117401784
64,-0.5907776724672275,-1.9001729568154593,0.1623242719461038,-2.45173075327687
65,1.1339319661570781,-1.1634399080176703,0.719704708069443,-0.14152644577967863
66,0.6769111978676235,2.2346489011899617,-0.3605626203574204,-2.309559618065831
67,-0.26776117500529517,0.5597941012268035,1.6839736686395952,-0.022312257026909074
68,-1.0163286395083007,0.8261422487957125,0.987689464639429,-1.0438147418373074
69,0.14843816584086575,1.9464397203014996,-0.4725618042845684,-1.2488090433902235
70,-0.2424198823371538,-2.1926947906696785,0.563871794542064,-0.15115881940132359
71,-0.02829375399946371,0.7816923969707191,-0.5100164017279321,-0.05256404026453437
72,-0.5001865419879141,-1.047268022286011,0.8916977519600531,0.21809288549396325
73,-2.177152548888133,-0.987715992222419,0.960978291289483,1.477329440904604
74,0.10303240150893948,-1.3893563871562493,0.13848700760600652,0.3629607706779281
75,-0.775164528640118,-0.7343780623526506,-0.09495060532226669,-1.1118104085243035
76,-0.2982996045725325,-0.5288680137775081,-0.150454265766806,0.5668047981376175
77,0.4157532708123413,-1.022654993172848,-2.1228765546998383,-0.17139904287148988
78,0.2258279084785971,-0.81506672944762,-0.31471837941877934,-0.6627933400074948
79,0.12395790201317246,1.0633357475207552,0.1808303187302328,0.0011527918041366765
80,-0.9247493616282386,-0.08712683211971753,1.8302286880208996,-0.2119817846522246
81,1.1005377774027167,0.3002068597658598,-0.7136140305648631,1.0093999569483423
82,-0.6807830086487332,0.22751706247988088,-0.8338703374011102,-1.1564358585483265
83,1.3255933472829025,1.444782204892625,-1.2075158677747218,0.03195487077289774
84,-1.0362803315593994,1.2856966195600483,1.2676600447539372,1.9678858329050428
85,-0.1429477719551859,0.0404899413438524,1.2567354464953324,-0.7718537875750404
86,-1.6123192197248895,-1.1923630548257524,1.8821199924308876,-0.8956700325585624
87,-1.7934349951253654,1.1970113140857026,0.574030200951862,0.187102269062409
88,0.31653290125265965,0.006429400054710426,-0.1685285355251136,-0.9138181700159212
89,0.017593105792272586,-2.991527400874927,-0.19805479341097923,0.79677760934145
90,-0.22826943799446023,0.6254696491188183,-0.17033951855447357,-0.8668551775456779
91,-1.027797351797193,-1.0839191321701829,-0.5017601786994303,-0.6846951497646727
92,1.4357689677275032,-1.1644001734348692,1.602260998493692,0.2716887014582587
93,-0.29107917705662534,-0.9321984779133257,1.041298815500219,-0.025649060824119635
94,0.04917945693000013,0.5802841565552401,-0.7546561154256042,-1.4802717671222578
95,1.6831602787992594,-1.9321468847703192,-0.1338288333200348,-0.842040368741495
96,0.707517211129157,-0.4576844070275868,1.7851295950698118,-1.3839736558230729
97,-1.2584471726641873,-2.73106914276358,-0.4572442838187317,2.3158804747946533
98,-0.21412329503147443,-0.6074708010734265,0.3749177661843676,-1.6550698235092105
99,2.197555939553189,0.4889401965067575,-1.9537687961439092,0.04634589685041136
100,0.8920872025470513,0.31905332766907,0.10074157405414579,0.0691569778354753
101,0.17945285249643325,0.8949364625608801,0.22763558030393702,1.475205735495601
102,-0.5564559071123988,0.31701307984495325,-0.0196788696566563,2.632849244649108
103,0.9971133449153877,-1.2770428049044675,-0.4958344495696186,-1.3318835443892014
104,-0.1376296388402589,-0.3173048102069587,-0.37604615508307293,-1.4180337227988153
105,0.7258877496205485,0.881714399421061,-2.4622212989897725,0.8266837825058782
106,-0.6096127536606695,-1.3035850204578798,-0.7535555491188473,-1.641294418089083
107,-0.04914810156323096,1.3241170409095344,-1.432239389168766,-1.1223043091657077
108,-2.5923959950575033,0.910850585758439,1.9547907079485514,-2.0091931526858122
109,-1.2834201988975256,1.3840197112685984,1.572987106188543,0.9602865535220287
110,-0.4160303501379937,-0.06940276810136219,2.070304829249868,-0.010130354437098522
111,2.5135838197818985,1.0825754314391718,0.5851841116217813,-0.3115629523429722
112,0.846896077710967,1.6981203463366776,-1.8716289387039435,0.18352363925895226
113,0.8522769207075851,-0.23505971645670534,0.004062417899824497,0.13304326244826317
114,0.35097285573551834,2.080598228329666,-1.5697430248796493,0.7671175081009927
115,0.26098805998769525,-0.9257341325305549,-1.4493477882151646,-0.8698194077507198
116,0.8169200515318743,1.1978707824958577,0.9761595623483061,-1.4179683183973704
117,1.1888840105101965,1.3699791421643757,0.7799571463492672,0.15353395483842883
118,0.8963072076168783,-0.488498837677078,-0.9438648439565821,-0.42669036947954403
119,0.01655519327548157,-0.09003838324253606,-0.7236953985179625,-0.3480892851479117
120,0.5925976853394777,-1.0531595858070326,-0.47905662861480836,0.4910780808536318
121,0.26160754290463084,2.298373397265956,0.768559187369616,1.8555459844713027
122,0.11433649001235918,-0.5437534503281893,1.7826982471789432,0.5104106824834236
123,-0.5404080172404419,-0.602172202201803,-1.1664949111645553,-0.20763874187643827
124,-0.1196875954339725,-1.700546941014078,-1.0508251229509877,-0.9627754079034393
125,-0.6055156413195524,0.05818968958587286,0.5000945821107259,-0.07320540319629257
126,-0.19074488460172573,0.2814148682425993,0.38289106596478295,-0.1079802782281093
127,-0.38491519114546163,0.3564289493756188,0.11691610844213446,-1.2625606158817513
128,1.4817257565998503,0.5057857460076324,-0.15323886341225929,1.6371018024763808
129,1.5423635449440725,0.5791826003200787,-0.45012540410770996,0.8323764160043121
130,-0.05241147745553836,0.07389270527598421,-2.1794261533498602,-0.5976335622848353
131,-1.4118053947088687,-0.6397607874805249,-1.4002825181998377,0.18927385537554497
132,-1.2974915793397925,-0.9495668805441362,0.4314733410439101,-0.7012722746510954
133,1.6222031314695056,0.3689446091700409,-0.462271821434127,-1.1165550389120653
134,-0.6923059359425808,-1.0511871974666027,-0.09986092383149064,-0.43426915500875607
135,1.0169892264628497,1.082683387745717,0.6817702083929553,0.3428993512067183
136,0.3161039060944347,0.8225950465704093,-1.251060354666077,-0.03514186114615794
137,-1.08391830486991,-0.49022872780016474,-0.6633834224126199,-0.3534332730322782
138,-1.1621499464245502,0.03584663051952211,-0.7246248252937489,0.27505553590560694
139,-0.28025173501500217,-0.7680238071065097,0.09572132471913343,-1.5535479624452235
140,0.477022518717638,-1.2782485338639853,1.8099083006955208,1.1687416457837148
141,0.5306237998564894,0.8182992887864862,0.1036744168799761,-0.31327887557079587
142,2.2213648065557376,0.8876255753691744,-2.1302470687707205,3.284428688885245
143,0.23247296198190182,1.8296424522349144,-0.926393194129868,0.3383427713390853
144,0.4048853058823749,-1.2900757514005348,2.1487233707734124,0.5861776047640472
145,1.4868067133279739,-0.08869351221576603,0.7238719280773007,0.2477518787911624
146,0.4626369099597059,0.49323752914844926,-0.2513837223934533,-2.075083991165908
147,0.19760008193882966,1.3171884603167552,-0.06901742716484328,0.98555619732212
148,0.4376002737271352,-0.43720104721704434,-0.2233018676844635,0.1331276937183634
149,0.5650332306054354,0.7501328490935575,2.6027580872639597,0.17528046101518724
150,-1.9515114914524267,0.6657116935043819,1.3838540008283278,-0.07402163618378989
151,-1.3150343478413666,-1.3204272429198547,-0.42358632301382776,-0.9252234298501951
152,1.7179962292051827,1.999566049567834,-0.7396500677761515,0.30757894740728475
153,0.1329789877663488,-0.2646456934419422,0.03697846054396384,-0.5444927308153279
154,1.6566016737411708,-0.7574737132861045,-1.3106773706858659,0.8764103341625316
155,-0.3350840026620174,0.8859586015788713,1.0297907317774275,0.5357375933707746
156,-1.1536029781342092,1.4541432807562802,1.0728018556097039,-1.7358811937378371
157,-0.4496366934076048,-1.5746826959371665,1.3152390292502478,-0.768715088274882
158,-2.419894730526621,-0.5387027882743193,0.7625310036037377,-2.1064976537145195
159,1.688790760885356,1.9851621199061857,-0.16358845845523418,0.8899392932013069
160,1.1775244330695942,0.8018508220459093,-1.040248615354808,0.32001620175088735
161,-0.8334824268609244,-1.9276406133294968,1.3276738696777635,0.5425735637752799
162,-0.293569326774681,-0.7852276077075216,0.7216800587598483,0.21419764584883647
163,1.9300184734846033,1.4150026809536678,-1.544783944378046,-0.6845190681717706
164,-0.2463321046656275,2.3352966888524707,-0.7390224237056582,-0.1973269568636637
165,-3.2420165559427345,1.0867855146049559,0.40372358802102265,0.4783077357552329
166,-1.942941080435736,-1.4129864386644995,-0.5115561296343386,-0.6063839577746232
167,0.492086352562306,-1.9349525697045267,0.12277381307627434,0.9617083667784452
168,0.0833794656443747,0.7874642937582814,-0.8350065957597655,-1.7920648747970243
169,-1.491789574472161,1.7116573036578022,-0.18864622835429093,-0.9296868868369096
170,2.9361050134408404,1.287539538347636,-0.9133069366507454,0.5973718333374105
171,0.22121321359108173,-2.8701148721255585,-0.2671960712385465,1.4344547494621347
172,-1.0685499516379167,-0.06866365569465001,-0.6904009916120899,0.6138155050146105
173,0.29279666052456976,0.02365461369938015,0.3466295612197464,-1.0667529934151798
174,-0.502482690261894,-0.2551648828887424,-2.1577874425874537,-0.5946456676078632
175,0.8367548756227038,0.3901145858017109,-0.5852717581446519,0.676948340585883
176,-0.024057950296761534,-1.4921064691435284,0.6815914620065152,0.2490937462380183
177,-1.9595002485939617,-1.7122875527962302,-0.31265922223971543,0.21938202410754068
178,1.4146384752393384,1.0258241555602592,-0.3268769504697339,-0.23247381330616806
179,-0.515414685621626,-0.6477619179087415,2.017931951347475,-1.911930715395012
180,0.4449473003000724,0.8579666013221686,2.4997874909442976,0.2089521741858826
181,-0.7153814106388608,-0.838095486318181,1.0094049229972433,0.3841728676826963
182,-1.3496028278004317,-0.9833397712330563,0.6209884645200222,-0.5611084319837065
183,1.259898954554443,0.7920387940892766,0.35439812643264984,-1.2285103014290037
184,-2.85554237270275,-0.9059817331108786,-0.22104743834135443,-0.7590100963681345
185,-1.750937495408932,-0.8366187129620882,-1.338186202890241,-0.6553111754667644
186,-0.8685282713141803,-0.5769589874765676,0.35372604162649346,0.045666479100096115
187,-0.31363616415345097,1.422232551735409,-0.9136028096198552,1.088411230726451
188,-0.0378344681102202,0.31282333987790345,-0.3191635133638936,0.29048266492891656
189,-0.850122690407152,-0.04969802241541817,-0.7881492862234173,-0.6517298978207406
190,1.7088607676512684,-1.5006543209827827,-0.6412006796033631,-1.8153405073329063
191,1.1355833837501064,-0.8030438458410438,-1.0760082051412128,-1.8581371550427714
192,1.7033616870790018,-1.0556717813398437,1.0493765141394542,0.11659577044897272
193,0.9562305877256861,0.3174058027443088,1.9789504400315483,0.02435671492857427
194,-1.0775752569443242,0.10999200968727177,0.7646171499198889,-0.38052742274644435
195,-1.0394904899113393,0.27003554413765374,-1.5040834165507977,0.9692740898082836
196,-1.5505996244761953,-0.14500874358505128,-0.23012610135069084,-1.7585979733112174
197,-0.34616711747990914,2.0576591601262195,-1.284985668660046,-1.352601217230135
198,0.19906706600666776,-1.5755802024325412,-1.0921579479896293,-0.29169917528802225
199,-0.45944457768095087,-0.11378717095959491,-0.6723031146565738,1.0079499488717165
200,-0.2937525375804455,1.063441622375009,1.165333946061733,0.3106807973157243
201,-0.5874483786175524,-1.5245359483459524,-0.7827793153527346,0.41312856132111775
202,1.0991503336748607,-1.511688074466627,-0.2740628094696252,0.534165858049018
203,-0.3736870173962274,1.5147490254345424,0.3243769436436352,-0.9838225980913382
204,-0.8339611147590333,0.6125336183117122,-1.107245478630095,1.1065775479122562
205,-3.02232124875625,-0.2869653216252421,-0.07308893520903777,-0.27668935667957845
206,-0.19564883340943157,-0.18926726645512207,-2.127105286232843,-0.4763912037202842
207,-0.206262231095004,-0.1992013812756774,-1.4859818882535747,0.064658857893822
208,0.4709797340021114,-0.7187766287457447,0.46293840363405636,-0.49025590362607846
209,0.9854096801057985,-0.4695158005759088,0.10847012416368775,-0.571557482705615
210,0.5952120269205532,0.1809690075771149,-1.6791938106347433,0.4593676060625674
211,-0.9626857091463032,-0.41078008526704396,0.40390356808466527,1.4446310559778919
212,0.03672673226132911,-1.5903261075604653,-0.9132893667577175,1.0345494768559174
213,-0.7607508165270686,1.4170969714243287,0.9405036984746498,2.1591124477606005
214,0.7660753436501404,2.3772119779376744,1.2873927778917167,1.135547139970487
215,0.6840942034151493,0.38495421769847915,0.980735603753653,-0.775954835058684
216,0.6246131108556936,0.8382627940294365,1.8949092439791508,0.9209380550256808
217,0.4917606684116858,2.8023123583218177,-0.4252798431112437,1.9249873618688922
218,0.46775642254692373,-2.13373985896217,0.8602970402271773,-0.7910503325870196
219,0.8726646852171193,-1.5626244816352617,-1.028465060619299,0.2166375454727224
220,-0.9917800838893733,-0.1433442654202393,1.391245963648442,-0.11882253377339343
221,1.7137864691255893,1.665758938208969,-0.9503909003590597,-0.06436556711118659
222,0.5244877041407536,1.7441218860427412,1.1587155431114673,-0.22115118710376874
223,-0.3746949671253462,0.457855240924543,1.4580615283486622,-1.0381062594449006
224,-1.0881776074003298,1.369934654478432,1.956345305747749,-1.421113424508249
225,1.0926323989274989,1.4937757323741216,0.04984394948218412,-0.20158387841637862
226,-0.8576752466318843,-2.422436569861553,2.59936689677954,0.7679664202626483
227,-0.7235443471015657,-1.1502160174827836,-0.55784942348074,0.12128315940788675
228,0.6467991855773569,2.3622231666426474,1.1907838278004097,1.1438939442590463
229,1.2604961926859048,-0.23855373334906393,0.5068632075359537,-0.25084166058494806
230,-0.06221109198269474,-0.1721153185790959,-0.43594319730159087,0.6617993193212132
231,1.164795615622221,0.44395952714355047,0.11526472173879852,-0.6423417406291532
232,-0.0697673106693769,-0.3639731387587722,-0.1770773144547175,0.2527592875143757
233,-1.5081851869628542,-0.16195633111309451,-1.8080764612526143,-0.7169321579656552
234,2.3668898791289545,-0.8688437035554224,-0.4153013797296046,1.424798987891553
235,-2.43695515410242,1.8317255414795117,-0.19698685203405922,-1.0569559422296304
236,0.45762777063438675,-1.1069057760165553,1.2490089907843458,0.24898584696245926
237,1.0514464400811967,0.012217988657538056,1.1988185273347283,-0.592836181001519
238,1.3378388653216393,0.09831895525180893,0.5838418571313206,-0.7314988796290466
239,0.049480568318210155,1.2309928336126819,-0.871688810437832,-1.454721329326237
240,-0.17502767572109626,3.416483911246318,0.6795037501138814,-0.03345998775895684
241,0.3992255180183322,-0.6990927243670921,1.34750402452282,-1.6698732529578986
242,-0.4445249087865439,0.42028768432613983,-0.5039812707777682,-0.28014424698118245
243,-0.5527513785877547,-1.4881640888990921,-1.2030169608315937,-1.4124071780655543
244,0.4040411009303835,0.34251005107464816,0.7647636484209914,2.176552825479124
245,1.1956131193790502,-1.2894128211978853,-0.14068247132627942,1.1380838124767936
246,0.7367055130405435,0.8783491413156274,-0.4345950375447205,-0.25582317556079354
247,-0.4697038745904923,0.345436719408432,1.2317891791394373,-0.2921612696011778
248,1.485160317109881,-0.43361287518296543,-0.22114198068317376,-1.4870427315594419
249,-0.09305480944373916,0.23816946999087485,1.1169483587160123,1.2541659172600086
250,0.49960573492159505,-0.5284708140590582,-1.3463549104466266,0.6160135651840005
251,1.4212134039212463,1.5201835735605254,0.7957408385092685,-1.1813504968726694
252,-0.9585245471198302,0.004534854752106482,-0.6753068459111099,-0.4847795182034789
253,-0.06175504939774049,-3.0037124406150704,0.22616503580560185,0.1355800962472427
254,1.7222306646576766,-0.1513702495724001,-0.4520655980404433,0.9707762857886324
255,0.0027555624305897405,-0.06076992774069507,1.449782020978195,0.7241417562816453
256,1.2618157276231272,2.7904996564098457,-1.2933459598830572,1.3800530203986945
257,-1.1505528335643764,-1.3028413262672949,-0.18262253891600988,-0.3408205123283988
258,0.4798168839086031,-0.19519539090575191,1.3557408447379284,-0.3456361937898594
259,-0.10849404960822263,-0.02219242165847603,0.3430133951330493,1.7011438699775119
260,1.147907899381289,-0.04465321139767351,-2.023517947534021,0.6782466694083715
261,-0.904382578383983,-0.56739787395335,-0.32208089101920884,-0.2935717426635423
262,-0.8163797971573177,-1.415617500493486,0.17056224077359647,1.480007711117448
263,1.3278124514445453,-1.1897245907748761,-1.3411327466459582,1.1228579346389471
264,-1.3837795402634554,-0.20496418121321833,0.37084980942431334,-1.1404241000672692
265,0.204112318062787,-0.3139021868516916,2.4167423732222146,-1.6038227357181647
266,0.5165676446352822,0.7837024291694765,1.4884447211630392,-0.41400807826309843
267,-0.10701840049443384,-0.0362940652475735,-2.1433221914745473,0.3029747397362758
268,0.2504991498498179,0.5551411435093669,-1.0842576200969753,1.457368497621732
269,0.058254411836540336,-0.314966514875421,-1.6310279310837141,-0.8562665230459606
270,1.0773760830536763,1.8224555047744657,-0.4397938469649423,-1.175183865406055
271,-1.1380297995061912,-1.1724558094130229,0.39919987767931187,1.3239017987962889
272,-0.13270933308261926,0.7831542805767563,0.8759124275234371,0.5100966002591598
273,-1.5550936576232197,0.5672954913817801,-0.8067660908669992,0.46650376886565886
274,-0.12268370313569901,0.06996378929900639,-1.379612411617437,0.3434803832338196
275,-1.4502595836213656,-0.09128649513312719,-0.7677561528142655,-1.0725603300778805
276,-0.2959047312989797,0.6343975012137341,-1.7480122133125737,0.17808825591658256
277,0.9771963385882385,0.3858385150626946,1.6454727219590255,-0.5771877330699863
278,0.4544499357323275,-1.7347843904899722,1.2188194252847238,1.7452336525848826
279,0.31261851791264705,-0.69772230237789,-1.3833891418917224,0.723804911597055
280,-2.8356157255399426,-1.5048482574331958,-1.4228101102394108,-0.10290538076395549
281,1.7187190969382717,0.1978066561120613,1.2588348484276257,0.3439551883372161
282,-0.8478027379119109,-0.49231263949149434,0.08899303205068153,1.5085297050505417
283,-1.9014025510568926,-0.19954762189656583,0.38518524771314416,-0.8199701680406447
284,0.5988854816213646,-0.5866880741328614,1.4321488993678801,-0.714789877909871
285,0.01594518725335555,-0.7312378357486009,-0.2357798922489586,-0.06385245266156438
286,0.21685541131421351,-0.8691251255236926,-1.0272219962476956,-0.2074151135889481
287,0.24385355721232835,0.15874348696361104,-1.659687582067694,-0.08576239821840746
288,1.5227069185346036,-0.05962879352168964,-1.0867051997330408,0.15473676459954094
289,0.7702477941775351,-1.6811336075475447,-0.20467306886086153,0.477681987551993
290,0.3258467715228032,-1.301247461742484,1.108821577215157,-0.3699894551909477
291,-0.8322263166694034,1.3605857994838815,0.6304897629574868,-0.38755908956466006
292,0.5363381635709348,0.02932993128519155,1.1956075514984723,-0.7164427049220012
293,0.9529928100105077,-0.6408338458103576,-0.292742604481644,-2.2988940367721415
294,0.37849347344043044,-1.1020537925668692,0.004887117716101083,-0.2545029547095973
295,0.7371581422290036,0.04609635961611409,-0.0588301084286318,0.605713408201242
296,-0.6996290188978663,1.4905285566190811,2.009273022685949,0.24829784647264083
297,-0.16257727470799913,-0.049096209221539885,0.9757442096706076,2.158462855647224
298,-1.0883889336874033,0.21248958909410143,-0.8418912651660498,1.9886540370415922
299,-0.5100839135652092,-2.9314930027389994,0.5352346357056735,1.118600042365705
300,0.5007394107156408,1.0535012613577892,0.8269039791077992,-0.2568726901802602
301,-1.2087804523643981,0.1662424154169452,1.2696453122076654,-1.5817995795151951
302,-0.2440005857475419,-0.9682021611751324,-1.0093705961267656,-0.36790898306411923
303,0.23099897318325563,0.7424278265049473,-0.5520539253470655,0.10281093172592484
304,-0.37189096550095335,-1.4420216897910094,1.308954747953983,-0.6082624802601416
305,2.0381158584758063,-1.3802001757963476,0.2398605089726526,-0.9206346344953031
306,-0.8757981624501651,0.7435808565111128,1.6473013576905189,-0.22343805548305004
307,1.1864035563821924,0.8921165554223612,1.3145689725202718,1.3045196255368119
308,1.4633373378223529,-0.7442203088453967,0.5050632363871577,0.7026898314393035
309,-0.8486749322910646,1.3149248545850916,0.033243296792059424,0.11258273782272
310,0.8474407106473093,-1.8887695421971293,0.3105975418715209,0.4319950278601879
311,-0.5669457993227902,-0.1677829617716955,0.6902169793796933,0.19939806217703598
312,2.6462293373637773,-1.1381296575788857,-0.3495189776347436,-0.9287513613298222
313,0.6408371794620457,1.6830653290614686,1.8979023386017981,0.6756348966481123
314,-0.766620121727674,-0.04833967976030797,0.11305380381414139,-0.6985371949666923
315,0.7159759857066738,2.8590425888272675,1.7585153947572014,-1.041889250956419
316,-0.32662051744453896,-1.7632673368322807,-1.4908329130139233,-1.9148295389589163
317,-1.1011763517722952,0.807378711529844,1.001137455696634,-0.07326998940159604
318,1.1203077485975306,0.14247994674904313,1.0534367328050036,1.1741766359753076
319,2.075360763525714,-0.4448932171279206,-0.25481012183580787,1.5757342512347743
320,0.33933846447568966,0.3109509907166654,0.07225835083346277,-0.8646966712271461
321,-1.1345090646607605,1.0436815711845584,0.5066028298064761,0.5258901587670647
322,-1.5590941276725327,-2.8977843147898708,3.320482504368964,0.5169599655463865
323,-0.22035321796700072,-0.7256082600956757,1.0555040567848604,1.3528722447203587
324,0.8880994059676476,-0.6497884493575584,0.5385241741798944,0.5309059309010878
325,0.2699529228135262,-0.3449958738316534,-0.2471083861545318,-2.0917140777631955
326,-1.2747572825228537,1.0533227476806655,1.0754571112089377,-0.02504559766079931
327,0.011583456226869389,0.5549478788373324,-0.2839833717212115,-0.32889866543433416
328,-0.24300210179967016,-1.2169332559514758,-0.08631550424972882,1.3014697654954572
329,0.4772010472212141,-0.54558742309504,0.4545731127619807,0.5572245631012674
330,-1.536431701490753,-0.7602964541600936,-1.8681554319028613,-1.0595231470350837
331,-0.9809061295114626,0.008904315786202153,-0.6750154705598531,-1.423457912357545
332,0.5088221110473944,-0.36944717693199913,0.21402655764297715,1.7770666210548853
333,1.964223947284648,-0.7430162688446771,-0.7696348553666479,1.3280500154504358
334,-0.5948006759434158,1.2954070765267078,-0.11847648689575324,-0.1069918766450332
335,1.1349120080422972,0.35997491428774264,0.6709983479783364,0.7291499161225373
336,-1.1307221335338034,-0.7476709888919798,2.4143719847285037,-0.029761811608216292
337,-0.9867454698354603,0.04076976222725807,-0.6118394941389016,-1.086099888475461
338,-1.3308645631600058,-2.1661553943913914,-0.42806219099529025,0.20782099832880865
339,0.7241320421567095,-0.2784410178667994,2.5520327177211852,-1.3887291662909946
340,-1.6300968121948873,-1.034150663370859,-1.4363421810086345,1.0018594809807366
341,-1.0535699881689757,-0.9287880348559974,-1.334560731259887,0.5682213245993221
342,1.327612131414781,0.054282593321821455,0.2550365730656919,1.334879537805545
343,-0.6837389755382506,1.6039503735766885,0.07996685361133839,-1.0961764475626958
344,-0.9487065375932321,-0.7948386918213614,0.8921931557753027,-1.947522030111473
345,1.2664103279992796,-0.3504348452828823,-0.017466222135762977,-0.6367832515672412
346,1.1439180904914454,1.80003373010417,0.33361969776170985,1.5703684594306224
347,-0.23919429277503904,-0.3733823741869701,1.9519281077611477,-0.40852261744893464
348,0.9222313535518228,0.5056037223096602,0.020892141757341748,-1.2109723882631265
349,0.21041207714122193,0.9259853515978453,0.6635441281006239,0.1158595960767178
350,1.0504103003976013,-1.1028143139053441,0.15628222875060455,1.521667233691201
351,1.7252548733079216,1.4492501369394228,-0.867853298884705,0.06622592082435998
352,-0.83350321025922,1.7498874521633245,0.2754862784547834,-0.7179783392574106
353,-0.18972395397936362,-1.8758065278355651,-1.1060631895983235,-0.5279959295524945
354,0.24825833760921331,1.3471504869074624,0.38056645086812674,0.4485517320489082
355,0.2894732943292985,-0.01612970706099732,-1.945357307446252,-0.8303238490791919
356,0.0658263436724449,0.06569671203444694,1.76014484069314,-1.4286353580205298
357,1.9291543441170593,-1.2710721314004076,-0.5659503381756741,1.878464845151552
358,-1.2500050434432803,0.2981845001841057,1.282193562725192,-0.33265495393731315
359,-1.2469394479557778,-1.994885294982828,1.6785828221884456,0.6770230441299497
360,1.0625772193849634,-1.9225688393467857,0.7167828360461646,-1.3743895672448236
361,-0.018225017561512808,1.3501108435696192,-1.6423789373604079,0.6203575430236145
362,-0.3842361055074822,-0.04276646400825036,-0.8530927783508525,0.5047091232634333
363,1.2182969050287518,0.3550858172157463,-0.008446602324126317,0.22135081108474808
364,-0.24645582241086667,-0.6282023479671018,-1.3867252273005666,-0.4215762214238618
365,0.08432521296122734,0.004507464485972166,0.8332892578926471,0.9302237667741087
366,-0.12856644858486604,1.3385612589307525,0.6103963661800443,0.7423590711225044
367,0.9149276995456499,0.37894315354518615,-1.3816922750931655,-2.0579259175266253
368,0.4014562883241757,-1.138960078667151,-0.022443576068639406,1.9616125990984423
369,-0.050443519311735886,0.514440079255679,0.18785941466051329,-0.2932245059114259
370,0.40248619672511354,0.9415676421902112,0.7815233189364431,-0.624291331038072
371,-1.0594038481199617,-2.1879128601353237,0.5857644250267331,1.1046110889557712
372,-0.3341748567738098,-0.6071876374372133,-2.0077102444145924,-0.8359396992802277
373,0.43516368227593843,1.3287443428524326,1.2334197899744983,0.7683520955283419
374,-0.11537397969053419,2.7860045292711595,-1.7272166786874323,0.711116132961551
375,-0.1382133003186709,0.7360994774961487,-0.5557876832889187,0.8889611004872443
376,-0.4214237855545942,0.07460452177145542,-0.06616800648585452,0.8215493963469147
377,-0.9483715135608854,-1.2706155415458291,0.9947520634868718,0.6682866711405405
378,1.429423863165432,0.2770913733389438,-0.5841030518461926,-0.32274222356318005
379,1.6311258716500157,-0.5662603527386247,-1.1335965462214732,-1.0126430403649338
380,-2.396564608581194,1.077000151062488,1.3377148472323763,1.912822668267885
381,-0.8827222362711769,-2.5671605467273517,-0.5162543510805209,-0.43240227775687085
382,0.7962006160552922,0.7469304571740346,-0.06470735145397628,-0.8373296061701249
383,0.8878272952588658,-1.1423159262485048,0.7881662929134804,0.19772994611406994
384,0.12788510684503188,0.28114606333954,-0.3339508585929058,0.5465797295634168
385,0.24821665139193752,-0.028352689958003472,0.02964864067233702,-0.11137905894600192
386,-2.691421310762606,-0.4114624107689333,-2.8083819127918295,0.5297791723965916
387,1.4294202942704162,1.4926687326068167,1.375435518510562,-0.014494430144987705
388,0.26425738315463304,-0.7697521294451262,-0.11394462820987639,0.24481272615831634
389,-0.6984043647615356,1.0973251089431826,0.649677837485656,-1.122542315756187
390,-1.0996671193215615,-0.8183668142253001,0.2569321849552198,-0.3827099337349078
391,0.6486711241615596,-0.8837309037726527,0.9997159218619118,0.8125423278032121
392,-0.025171241667148948,-0.6006988246810289,-2.5752542403693646,0.28845792138339665
393,-1.2582420072585065,0.2593883008031095,0.5157038811358892,0.08847832525536271
394,0.8053962816566038,-0.2393848384800179,-0.5126750575739639,-0.2962227680809261
395,-0.16714978652125798,-1.7134424379413715,2.5459672625705836,-0.3471703059642855
396,-0.854386168810784,1.6784959600865506,-0.662197898640856,1.0125296755940834
397,0.1139824569123119,0.8191899295403456,1.498659960922725,0.2835477258028492
398,-1.269184978469452,1.7209823886781772,-1.411279589434379,0.8486418116200886
399,1.7586372839290398,-0.8977871900024499,0.3773166711680345,-2.515353589592657
400,0.27843468001112265,-0.885421602002004,-0.005216992864621929,-0.10028313289955518
401,-0.22015033124097944,-0.48455857896280474,-1.5870625487774668,-0.13753138139007012
402,2.335415503786096,0.25907784952871177,0.11769686866603554,-1.0326967896851986
403,0.5131307390831704,-0.013632339906567214,0.43725667131804813,1.0725412676765318
404,-0.2129778688224929,2.055296179891343,-0.9604492663995295,0.4679133013881661
405,-0.7743166873138029,-0.5600669259593043,0.3256405487927975,-1.345667182127443
406,-0.7994078315990406,-1.086047593056009,0.5142043896957881,1.5178344224357643
407,0.09291776895966868,0.4062313149185092,-0.040243705585801134,1.2224451087426782
408,0.1343222836854761,0.7000085594354762,-0.7804383210090936,0.2095722906219798
409,0.0033279039991866203,-0.9280282544963223,0.7346462866299405,-1.0767051528763714
410,-0.1526329794107635,-0.23892015033507183,2.022499544117712,-1.3019766147453369
411,1.0635750275723197,0.022296361338809002,0.5937458302895543,-1.9102321040938968
412,0.1561698510822575,-1.315338266447993,-0.6170158243208885,0.04035157139410058
413,0.11586219272357588,-1.2068513007687889,2.418873875279316,0.7392671974167762
414,0.42992263263972147,0.5472122497840373,-1.2081821250005038,-0.1525276309906753
415,-0.6908441192181287,-0.35180561282866096,-0.6725938754376717,-1.1637806582594012
416,0.5217504633506145,0.6428318923655693,-0.5684296918239373,-0.41267501376522014
417,0.9697234744201487,-2.154841493414324,0.38342615193718527,1.7460889729243714
418,1.8196088797825911,-0.8680948306580508,0.180367292423037,1.5589339060486143
419,0.19634174457573117,-1.3391977271155653,-1.3830311942552977,-0.40584250571588093
420,-0.5094073122205244,-0.07131567300367389,-1.3075761513433837,1.6431457689315685
421,0.050192303809589785,1.7329136094386963,-0.192918266055297,0.22521797782162725
422,-1.6195418815428522,1.4934508193711562,-0.009773332513694293,-1.467412877020127
423,-0.0806212616898259,-0.05378611934851353,0.23964243042308428,0.2555028919243653
424,0.09857195520132331,1.6749586546808535,0.8244952426311982,1.0207845905251827
425,-0.396019829291661,0.0009381317634836961,-0.46984394756674813,0.6149656904886538
426,-0.4574543265203191,0.8849109783328943,-0.5501673071367267,0.8191122604588797
427,0.9125462014762784,0.4566793273370476,-2.699597858994496,-1.4150034829240346
428,2.288998957641647,-0.3086288556539073,-0.5277276101947166,-0.3284381174546277
429,-1.417138982527177,-0.2378825008114223,-0.9837587868583005,-0.7985707247559809
430,0.6588823739175141,-0.535079532026467,-0.7845888679558329,-0.46565292474593534
431,0.6854318284988826,0.972977817298753,-0.051805603148340956,-0.35133775894994723
432,-0.769796949151586,-1.2115131421374772,0.18212140102589963,-0.1813054634246483
433,0.12499683128331257,0.2455355795505423,1.483812777706533,0.6483048155682948
434,1.3673635290025836,-0.7320920937813358,0.7849816155652695,1.5007165380879666
435,-0.28408709177300984,0.8778619967677507,0.6059565301658322,1.154591924209905
436,0.2670211825202132,0.25297138975546096,-0.8598296999368761,2.54185894173771
437,0.42167464651133957,-0.48732135554938816,-1.0232729412642725,-1.013756421715787
438,-0.6609218793023135,1.2515909558362197,0.5718013407078932,0.610577370987085
439,-0.16029040463198282,-0.9646489864813846,1.1481118414962885,0.7496640291701485
440,1.084633250004422,-0.1752791925788986,0.8944721323840122,1.6628613011890199
441,2.370677627327307,-2.0810305205066495,0.36342563221184837,0.5423457302449399
442,-1.271919059532748,-1.7508055801368492,-0.32536944188602124,0.10011643900250795
443,0.15611360667604315,-0.9095138761574448,-0.7127767677705329,2.0604914839611617
444,-0.4544657519687889,0.20184022128163182,-0.8531860037633076,1.88991263223662
445,0.1730212279029492,0.49653453039362583,-1.88079714206047,2.56648395903392
446,-1.9168140544722039,3.684908585090685,1.5381979283308365,-0.25022095244719644
447,0.2652797458623566,2.164004950242714,-0.6244229890402424,-0.9200035563310175
448,-0.15262038561234997,-1.5497098509714464,-0.674427870221668,-0.8523336426928678
449,2.8796096273235454,1.447612582804783,-0.0044108289837450285,1.4410334913508533
450,0.21971560996572034,-2.077105184249023,-0.6126194910964333,-0.6609536282070922
451,-1.6182090774013131,2.2207063450740128,-1.384688550919206,1.168157484536728
452,0.6426090201843824,1.2732459616807228,0.8567831972391627,-0.23181422298856544
453,0.13604161130348533,-0.6205967167619542,1.4352660184221904,-0.8528710133075195
454,-1.120819150979744,1.0534249656656038,0.35500621629298496,0.39729020270021104
455,-0.30370064854590756,-1.5909328412440136,1.7893631068445532,-1.3274399876331955
456,-1.253797592851653,-0.30329964555638017,0.7444562173755803,0.4638441539615452
457,1.6721935192612014,-0.008489713984630574,-0.24536487130737658,-0.7091993871237249
458,1.1344653837140357,-1.5291665399267262,1.0774027664192405,-1.3021382860770137
459,-1.125372452965099,-0.07394412251037318,1.3611047783429286,2.166410347181152
460,0.04471680730912132,-2.1170847339028254,-1.6993292880756001,0.1455715137053178
461,1.156680927340289,0.0014910511403047578,-1.4178060712433804,0.3993114862746328
462,-0.9880520613397574,1.0449965277992646,0.15556889720537567,2.629382880918238
463,1.1256622631783302,1.0663263270362626,0.7104355844626136,-1.2429872116384542
464,0.24570128953884648,-0.26189618873225073,2.3165615905773396,0.15991115746770182
465,-1.1455739531427866,-2.4111624451125677,0.40474894736204464,-1.3777226926387858
466,1.3679835785863022,0.5101370884306252,-0.9361462582340828,-0.5995699360429737
467,0.42271999721844017,1.263868872458231,-0.1151638249019604,1.8931149890716017
468,-0.14909890983850832,-0.2371648950066884,-0.579239356554915,-0.9884455885544217
469,-2.347558121309715,-1.039556793468188,1.0389052050494183,1.7738947277986832
470,0.4602696389670184,0.7020707905005394,-0.23175296415600705,-0.2541423091388568
471,2.202940220871483,1.4130824956309658,-0.6134212171379404,-0.08424279713178838
472,-0.7780952886407068,-1.3254564777669757,-0.1447113177755673,0.7967101537891819
473,0.7819573416586109,-0.3309544215591803,-0.062128788819381976,-0.5976265096045793
474,0.2424316946472902,-2.4962606101885902,0.9602083093142088,-0.6467476763946186
475,2.0999770459049536,-0.6898436589841845,1.1850258752056189,0.21669870953284814
476,-1.574993545085509,-2.0077250792651555,-0.5171428880607504,0.2446689308801078
477,1.7362376805642163,-1.1392116003460202,1.0431940167910883,-0.8314773817863073
478,0.9395878829737255,1.1979856086955478,-1.3720200695265856,0.19162636824659413
479,-2.603949439987819,3.0958467518285824,-0.5704488955679701,-0.3227934570052708
480,-1.0244935706518417,-3.270960040995028,0.3371660590240201,0.9087654346254121
481,2.5579088875586278,1.4801597722667905,-0.969029703672767,0.6735013397728274
482,-1.0825817327474172,-0.16218448811886418,-0.5368503943587123,0.5517819615882777
483,2.5568752648909157,1.1471555431972011,-0.8206285098915546,-0.5100666328220598
484,-0.31291144641815016,0.7766478806673782,-0.5655190662096543,-0.30055581154976246
485,0.16067954982183527,1.356760315091377,-0.4787807380769175,0.12817403189883284
486,-1.2090082640240265,-0.13848110137043979,0.6745697083759772,0.6297501833557315
487,-1.3318943967251686,-1.6083000639134686,-1.9160060846788922,1.2334609484639782
488,0.3393329591822509,-0.9060197650032304,-2.3340504496242227,-0.13059508154912533
489,1.352494828251725,0.21893062408920522,-0.5728555161042258,0.4386136017315119
490,-3.0562901695503815,-0.30504220055835324,1.174931862518543,0.5882898712816834
491,0.2971150012089132,1.9713120488132685,-1.175219870112683,-0.26271716159852954
492,0.6387940252352681,0.4925088937578627,-0.32316278929605674,0.40391471057153405
493,1.8036607544145797,-0.5482342657086342,-0.06939898130377854,-0.25761321742336774
494,2.8867125124483453,-1.4616298359980626,-0.1860601253430398,0.5896718390249387
495,-1.3414528744947958,-1.8579872069708767,1.0611722537609776,-1.9362340771522895
496,-1.9807918263718947,-0.8559241208234847,0.4231925099603937,2.0955107901177525
497,-1.91680955339911,-0.029174455456743412,0.8563499430135939,0.9229280269987499
498,1.4273826455897378,-0.30046295956431174,-0.2440058429832236,-0.3988569506751152
499,-2.645551503412657,-0.2944978348962163,0.5602233279768606,-2.436831980006596
500,0.15973211118078798,0.1378413991260027,-1.5243355303085038,1.420979107147476
501,-0.5069704682559397,-0.03284025803067612,-1.7686750473575021,0.3641241635459141
502,-1.1419469448462198,-0.6561403051518159,0.7387725939737438,0.003861172426034892
503,0.9573576408512363,-0.32613779533838805,1.1315553585174503,0.9082782463078871
504,0.7070389818883726,2.24827172214375,-0.47372781387662727,-1.7675679630481949
505,-0.584172665145053,-0.6588070345678219,0.23516536326367307,0.5763555619930957
506,-0.018012020951247276,-0.04017280890505003,0.42763286110424936,-2.6581117565319192
507,-0.45022947845672834,0.2720323940664121,-0.8833826949604101,-0.3302711284840351
508,-0.3903537271547033,-0.09304187116543353,-0.7671196809701613,-0.7900765072792263
509,0.9222810640491511,-0.5280397769204942,0.44685807340997047,0.39827081471462006
510,0.6270812551379364,-2.569563648141614,-2.0534801237786486,0.7422971037484186
511,-0.20243912482161763,-0.4055568881503225,-0.9960432071532197,-0.6595334911614117
512,-1.4217574255261363,-1.9552455208828092,-0.2609053259174949,-0.44640883183833735
513,-0.48492613634149706,-0.8988908242915686,1.1198551791982632,0.15057115791094966
514,1.2084613390114136,-2.7110837468159006,-0.25220454469718034,-0.6022276393537658
515,0.40037130621748496,0.15570361314983056,-0.6541259447592365,-0.4821702558150521
516,-0.3383328907975691,-1.9361867565609574,-1.006994149138075,-0.20323013949367888
517,-0.622179214496402,-0.26943713638088324,-0.738201546296572,0.3040048548991637
518,1.9352225503110032,0.17136670815796362,-0.8383006709683704,2.417944218515924
519,1.0884318652980982,1.7129229113918043,0.5434751046000652,-0.4874242219472447
520,-1.349785281607897,0.8735390530491011,-1.6360467868166466,1.8703417637101791
521,0.5310612905712744,-0.260090579973698,0.3565718572836571,0.34713107252734376
522,-0.12054632683548192,0.9119369181882855,2.1977428946250535,-1.6802430857182273
523,0.5347524575742846,0.12840372975732645,-0.10873811654911629,-0.18640078132025503
524,1.8939352559238838,-1.7372250956881437,0.9158081269874565,0.2563311501141583
525,-0.41916200353770067,1.0607312486668075,-0.4354109493219768,-0.04630514781488403
526,-0.3219302481609189,1.0618097309407497,0.6628606523607504,1.7097675507284436
527,-1.9999724182460263,0.7584879809009386,0.9555034440855563,0.9386179687076122
528,-0.8797890882440305,0.2716454067765429,-1.9894358620379526,-0.8426475575694058
529,-0.17715505408347942,-0.6972503955663764,1.867758365492775,-0.21770520631072776
530,-2.2701131603370497,-1.367862031808225,1.1969449916007622,0.12491494207439126
531,-0.5652058187059864,0.46595149213341114,1.3891766922015534,-0.25526669002644964
532,0.9048746112264718,-1.0916552114030356,-0.03106565691464066,-0.4782042189540621
533,0.7620327173806175,0.6857742266384778,0.6490762733785663,-0.4892874446022241
534,1.5227526491281953,-0.9594455345488324,2.2421983262518332,-0.9654841716030024
535,0.9685732810026346,-0.1731987341861437,0.7956626406246216,0.7597780252199166
536,-0.7993974840511625,0.7146639016843787,0.48437446423598673,-1.0104909774595763
537,-0.7128073460324653,0.5689566795023868,0.22824963478394678,-0.25562953463864735
538,-0.6465333226288285,-0.2053592690799845,-1.7343847066995848,-1.3540583154832992
539,-0.869134779209891,-0.23058503408532777,-0.7267114445863719,1.4412514830043666
540,-1.503311356219406,-1.0209147585603757,0.8423812318980726,-0.1996634515238537
541,0.8791287023517217,0.33765259250801505,1.7538870130193593,2.00751378000852
542,0.953020765837311,-0.5506273007828518,-0.3917324664506372,-1.4243084940775776
543,0.44810830471343266,-0.6078463300390206,-1.9920258556281902,-0.19034597272551593
544,0.22006561246754702,-0.07357163833349298,0.8990727754384407,0.5477164168602158
545,-0.45564111213977004,-0.5494943123486714,-1.6911539164499627,-0.6926728777949802
546,0.07084741103320959,-0.7937819607158348,0.30247505830331967,-0.12149277831121807
547,-0.025266296872223742,0.5483617638048115,1.5223657057065683,-0.7456963674571419
548,-1.4820743416373074,0.4643632155432745,0.20836254307250984,2.579451740868725
549,-1.8285207171672229,0.6404831234778872,-1.1798191561069191,0.19975710650199313
550,0.5028337844502754,0.8217138595279022,-0.34185458635583965,0.27729588203593636
551,-1.683899487815473,0.3631787907713151,0.1702094695968327,0.9764611181296249
552,-0.27518463193494447,0.07043850164479086,0.2591328191533181,-0.15411675945137102
553,0.5506897877702781,-0.01757800274683073,-0.8295375520741929,0.7627204930979641
554,-0.7552200735230775,0.4089581357579622,-0.26038911466740927,-1.1203741598090495
555,0.022988087352315646,-0.11452174952760853,1.0179738316236413,-1.407388790707132
556,1.068802210214697,-0.8654373742937486,-0.5091634716269546,-0.2584276099243202
557,0.9558405519388701,0.8410645377981083,2.451284481184918,1.3377854839189047
558,2.6614735456862517,-0.5660240044964046,0.3453535998979004,1.610434738448789
559,0.9656662785529466,0.6612865508068412,1.604138709574518,-1.122081999402302
560,-1.1540618515181575,1.298163695038997,-0.9885231292231879,-0.6343947945150564
561,-0.5625526018998181,1.222055894387938,-0.023600566943589633,1.0632723943634248
562,-0.48161830443856357,1.9521803624752825,-0.3362742314933553,-0.21369615306342785
563,-0.8021547543176185,-1.1296240119526066,-0.9334207248968038,0.24033513766308762
564,-0.12352793044500968,-0.5508995184327657,-0.3531193588429374,0.6776407355051914
565,0.15933822998186728,0.4287995285618144,0.3829809757857739,0.4921299886423013
566,-0.5012753903169115,-0.43078304194858597,-0.31268658839275526,0.16857068513861265
567,-0.08941540857132267,1.675770359349778,-1.5531903220636496,-1.9831018452732159
568,0.2104857604672259,-0.8408797942706012,1.0423477897002027,1.6867424349422964
569,1.4555882600129568,1.7078348157970793,0.5612149217755856,0.3547639887613752
570,-0.5386534252495088,0.49997507674970215,0.1375401273149644,-0.47681632583846106
571,1.2949989773219583,0.2418698340281327,1.1579835713687436,-0.8727217792644628
572,1.9761120296549304,0.7978154345276426,-0.6073857366376554,0.04872543873247682
573,1.2613849243835584,-0.42831854410818726,-0.027066779400760285,0.7175729216848843
574,0.2978547199678623,0.23472528421944275,-0.8636931851953535,0.276380119250333
575,-1.6318871303036993,-0.44656255156418784,-2.777571114877676,0.621257956842017
576,1.20368542517664,-1.0342847753749105,0.6395558033969855,-0.09603877532237673
577,0.2949393419966243,0.5945750261257874,2.747572108226472,-0.2585705988117722
578,1.775612758846774,-0.5089821553168231,0.08784247335757556,-2.1957811230185826
579,-0.9041518300760455,0.2102716256749104,1.8167675398086056,1.414509576408015
580,1.6774899098169074,-0.7702474842865754,1.4508182458651002,1.2466720626930199
581,2.2905541920998043,1.1031860772112947,-0.13818614838245205,1.4277871500396813
582,1.2901668660128713,1.0844870416870696,0.4394036336738667,-1.3681233283916212
583,1.035114661831633,-0.06271863937661115,0.88199422875857,1.4273384399954958
584,1.3359414456533465,1.0143177182153313,-0.44770548913353986,-1.3877621669065967
585,-0.6896929321925619,0.1743050290365108,-1.6686248934580887,-0.5725096865795535
586,0.34368704339352196,-1.4800941395080036,-1.1396288405730661,0.5995815737888912
587,-0.5335221179770647,0.14161176447604884,0.2127146832611269,0.8906839333263803
588,0.5274244854216712,0.5199879510764,0.24256749682324408,-1.3877344837391736
589,2.0308113838414648,0.475706511757064,-0.6340521811216643,-0.4675101494108356
590,-0.851971857301197,1.5391060749917231,2.658220793987796,0.6632057976898567
591,-0.2450676469181215,0.4018386184882028,0.04785318293183103,-1.1110277517741112
592,2.052489318235473,1.530085864319879,-1.238994577727488,0.05763523535375707
593,1.7422642133793564,1.2827125316404484,1.4428401859761788,-0.4399963464699447
594,-1.4093269239812238,0.38673658089263907,-0.4243487441431194,-0.31589874829797465
595,-0.021281040093907768,-0.5439970385597326,-0.009338268883398193,0.10670067994090447
596,0.8852297254207082,0.5867153892765823,0.3424386486654222,-0.9226079332632057
597,1.289617079680451,0.18411786703933747,-0.49998905097649865,0.9442097755908374
598,-0.4600904741462149,0.4477177512242473,-0.19803019330121407,-1.2109170670288272
599,0.22470501625071118,0.5091158601960785,1.3727130496391975,1.136488151587779
600,1.1708746317572227,-1.5633571714294259,-0.5860321145002584,-0.08196174662968987
601,-1.0655592807735585,0.09528326611562916,2.2899692670565717,0.18218905781999783
602,0.9449704412161105,0.654896480609063,-0.5771967348232347,0.26268073164441713
603,-0.47008717224374086,0.45060540810945043,0.5136763384843824,1.1319954148204463
604,0.12963053264886593,0.45245345460923364,-1.0875098235467844,-1.804774721232467
605,-1.5199287930282908,-0.8701071875835451,-0.9940922968120914,-1.0770138365811932
606,0.46737062154904696,-0.8091857309547069,0.32337839052698997,1.205247209328278
607,1.4839965224232397,-1.0989999877272523,0.140454600671337,0.7358808252379808
608,1.5568410965617807,2.8999324842865084,0.9143015670331348,-1.0971373044039823
609,-0.25275543521707683,-0.0030595456817584365,0.11746214825876003,0.4529766587924698
610,0.04197936724691948,0.22732631392913794,0.44160709481795607,1.0406661124669312
611,-0.6324537351823771,0.10628011972303322,-0.3281514019462667,1.5665018501132455
612,0.3558648066240674,-0.406522633231771,0.039375231229742624,-1.033465739586222
613,1.512995006983396,0.0747309975072155,1.1497591531009992,-0.5833594231158319
614,-0.39900230983213286,-0.5942843332174613,0.5441934788516506,-0.5163170746426008
615,1.300270817192046,-1.0166110423960917,-0.706854543397694,-2.4125895894938356
616,0.48270389554875937,1.119438518998615,0.7607573956959386,-1.0239121124141033
617,-1.057140460438738,-1.2113264012908789,2.4514810217585996,0.06360752671719183
618,-0.7614866890590112,-0.19455779680435462,0.19508712068683734,-0.9646131309099204
619,0.0042303861219897656,-0.48929585936466197,-1.847639404757645,-0.876468813265543
620,-1.0530938828800473,-0.9488401677640439,-0.09509963410220902,0.8536893622642248
621,-0.9065849190704436,0.8253461313422861,1.7607191169558756,-0.06058783406803297
622,0.44806731470145944,-0.6846380787081447,0.09015845687321299,0.6505364339040184
623,-1.3824460657927546,-1.0322542449321244,0.6494799889274554,0.11378196275724325
624,-1.8749914735140276,-1.0512101391466673,1.3213159918204624,0.021388111950792568
625,-0.7528782197127253,0.9716737502438721,-1.4031267184114484,1.4734328364020428
626,-0.21823349780452606,-1.3715935140087177,-0.8552206079722265,0.5036908088824594
627,-0.4136304840459069,-0.6115300200278619,-1.0285424748888106,-0.43995756641745304
628,-0.14501216759996705,-0.3611606042998742,0.5639785693714002,1.3006025327069841
629,-0.3051863757930941,-1.1046922395576018,0.37107192215580176,0.3157507312520743
630,-0.32901468243466825,-1.6482744946454744,-1.6933329742782384,1.3727641709044829
631,-0.8460527109178992,0.13180752502642112,-0.7135431903324702,-0.0214641183048968
632,0.25633512162773797,0.49415112564151353,-0.7335899179189053,1.0014658834092607
633,-0.6370548235425824,1.0379229731210957,-0.12034337300148767,-1.1569641191648092
634,-0.817037079560244,0.9509953108200037,-0.5162105102990553,-1.501749790591193
635,0.20675850144375427,-0.6543099611426486,-0.7429783325773641,-0.286491474549297
636,0.5326368779520784,-0.22446134159536768,-1.711869266794207,0.20188836734879015
637,-0.3277436443259682,0.24387120206835206,1.0759910655232086,0.9245685848386136
638,0.36112229789508055,1.1811842598224416,0.6950039304288331,0.32194282187249346
639,-1.0689586482192515,0.07264127671202454,2.106894022933642,-1.2693192804576077
640,-0.09001498841479805,-0.435245392907349,-1.7364744156779255,-1.8527598994196617
641,0.04042339896303643,0.19294016491304472,1.2350405796740376,-1.6231186871024796
642,-0.5247422448020956,1.0532362396466646,-0.792007230410721,-0.0962503473574133
643,-0.5292175421847031,0.999185601106951,-0.07271260382323393,1.1049823587153713
644,-0.34026911506802837,-0.11217981772834823,0.48466799247211084,0.2927667685374645
645,0.46103313504617843,0.8848327976658203,0.8311991808042569,-1.2342784415561239
646,-1.7994352068017367,-0.029662655745377894,0.03049028697758225,-1.206724052771217
647,-1.541700454780496,0.06119452880439908,-0.7363986659459378,0.7269452330425235
648,-0.5405550192651356,1.8274623155064862,-0.05139001290095024,-0.034371554157929474
649,1.9822668369831868,0.6842422415819229,0.715614911361068,0.6341060162261504
650,-0.26402005238276555,-0.6722094377477668,0.4820883527420929,-1.3123918745793115
651,-0.7329631273265095,0.24287131036102325,-0.97006726468022,-1.5724809871812835
652,-1.5966440279422254,-1.3087296966228354,-0.25639131013757327,0.19997367603363528
653,0.39925912034451067,1.8778716211494777,-0.26330432108309804,-0.03690962202471038
654,0.197156381455958,1.539471302643264,-1.5254276724065536,0.34397586288303467
655,0.4872193242886586,-1.3815315139217028,-0.6683801468863464,1.383944117235216
656,2.725892059948996,0.9243371504353655,-0.3454026201978888,-0.18369325420130195
657,-0.37626404513163014,-0.8943360535115394,-0.8397125502263967,-0.16881120150942458
658,-0.1099304034628616,-0.5865029183995801,-0.49279878249498954,0.18816998320083486
659,-1.40723329628875,-0.8248353270551614,2.6124695013423733,1.2538351039424291
660,1.6054357776134063,0.5179701610081453,0.922636741362432,1.1982360430204353
661,-0.5725117021670544,1.4699265052973112,-0.8270270434842489,-2.3832689092784323
662,-2.140578484195261,1.5913226053044578,-1.4730191071599834,1.037105447959449
663,1.0307752473788538,1.6081054042680196,0.1930489097884855,0.8183548492715897
664,1.5646383719874173,-0.7556121587832225,1.1153587671091725,-1.595527466857493
665,-0.45910630751954057,-0.21432158671439874,0.1207948425395289,-1.6223877940258418
666,-0.5587464654000414,0.36458920176297366,-1.2075076561218328,-0.07880997782061475
667,-0.5887259340299783,-1.8393659417792265,-0.5949282298335902,0.3785921505940492
668,0.23970491543865352,-0.8168435265924929,-0.025986500239795846,0.7296759442982248
669,-0.8883881722402764,-1.914465910833584,-0.35304899250429317,0.29335343780054207
670,0.9366568868378837,1.0501585453989,-0.6965473974943432,-1.151901615452078
671,-2.0262059457152066,-0.2363726975128228,0.1134215682786691,-2.6942805497638753
672,-0.6823531161200873,0.24658575340126562,-0.28307471467454726,-0.41475234719112636
673,0.2982643230099303,0.09220406934869843,-0.6479980593201151,-0.16575432498927822
674,0.9282228810793214,-1.0921408053659565,-1.3331708394865736,0.8500979833941757
675,0.15957605704354041,-0.38538504704639376,-1.2331935190523726,-0.3946319001148449
676,1.7259204934309524,0.26435586236700725,0.7197971847712246,-2.2431491867900957
677,1.163729562136752,-0.10783576240874432,-0.3647513729974599,0.05504853171683539
678,0.8183288198635672,0.35939423702824685,2.797399500549633,0.4831418585264057
679,0.16003751658937002,-0.832029622651359,-0.05425949776311823,0.9797518143425302
680,0.31408989338925186,0.28669560684038703,-0.44193125099846337,0.4313249645050809
681,-0.6039001559781748,0.6166426277123468,-1.4065608553340567,1.4285477098557116
682,-0.1357150689053214,0.5944757143174126,-0.45546182900480287,1.2932920122368343
683,1.1801273870566276,-0.5466863042854785,1.5737359050008537,0.11049027038033044
684,0.24862532689821168,-0.27863177728687244,-0.07502206687186481,-1.4697909746208362
685,1.4451107827899654,-1.5165693711134796,-1.2423853730558743,-0.45401566926937303
686,-0.09139818165001191,-0.5532031317519948,-0.0911177119689851,-1.6394764644365614
687,0.4749829732800138,-0.5793349572691409,0.3833670723266154,-1.0403058555551878
688,1.4284659103098354,-0.35825763599130783,2.207342440497147,-0.726633271884567
689,-0.8787660751231773,-0.1630177427631846,0.3502997174362591,0.7110304639736205
690,2.030520485372503,0.4152825616498821,0.13361282353001808,2.134885240505799
691,-0.8731414031888205,-0.31946533948675976,0.689898271304077,-0.035791455123185774
692,-0.7347740375707872,-0.20376763001836679,-0.013782022102144634,0.11238239605295687
693,-0.8156781341138192,-0.805355452027084,1.1803662843452067,1.4168931059439935
694,1.1483187414396634,0.3186505354937225,-1.047093146986399,0.3863141365201101
695,1.3437789533461935,-0.48448907987101714,-0.02825632161119933,-0.4326908752287797
696,-1.3035764161174193,-1.064845581000812,-2.008739585733641,1.1946566775664569
697,-1.0979513344186838,-0.6490667546761368,0.2330445455029564,1.3353687866074948
698,-0.16810317113416937,-1.6923271607597947,-0.853577693745223,-1.5076668729255094
699,0.4282284695655245,0.17531978337190107,-0.5249710173994317,0.5522710664068836
700,-1.316272086911787,1.9202092694147361,0.8602579804642546,1.9157056561669037
701,1.969999727696323,-0.19478286329684752,1.5014267445559408,-0.07819903708756543
702,-0.27329158274150256,-1.076230652767211,-0.5528097257894817,-1.0196541228936638
703,0.7331368985480972,-0.6122254400427869,0.1474733719027363,2.1309675028018535
704,1.8378352403463822,0.21712002565783603,0.33677929107902,0.2016665407641194
705,0.28087409223685705,-1.5432870872873217,-0.9736823745013837,-0.3719585031884236
706,-0.9829600465906296,-1.0723244647767334,-1.0761005396113572,0.36098163367377883
707,0.8750070701642128,-0.09567847800702443,-0.31135818899684314,0.7266275980766665
708,1.3343289174430553,0.6069829447264073,0.4778241406596918,0.41207529469161486
709,0.6806976790359113,-0.16425379602193882,2.4715242925723415,0.4981423071633139
710,-0.7486621580256755,-0.01340620553037988,-1.0113468214861736,0.4420327472774983
711,1.2122628529727824,-1.5159134351797248,1.143562828128835,-1.1260174974195811
712,-0.23549731749866618,-0.9230260962699327,0.6811124713953033,0.7819277839688137
713,-0.25608885911609064,0.7761301459676462,0.2859500228786078,0.23667396483870734
714,-1.97224469963182,0.07491067927097089,-0.4536584381899102,-1.3034644186287652
715,1.7554583569038946,-0.5916189722741644,-0.2900057390578333,0.3775590313922351
716,0.6131330930473793,-0.6852210475117585,-0.5314563782512581,0.0420355566720794
717,1.5758168463340516,-0.2652381190856829,0.6371883791574446,0.8489491086145229
718,-0.6849902539244429,-0.2479182156087286,-0.7694897684389456,-0.23365823439811023
719,-0.8154595949933648,0.33805237469171534,1.3999985782398523,0.3633346101531228
720,-0.34062703920146636,2.0830571481423297,-0.7404485571102668,-0.5788260210954478
721,2.8249555429486994,-0.7599428013335614,1.67154824262402,-2.152574125681496
722,-2.052752145474814,0.38643959835189146,-0.6510235059879056,-0.3086063159803359
723,0.13208711431170334,-0.15103041698994046,-0.17623582536879592,0.5368179058868618
724,-0.13821139048036768,0.47504440202961984,0.7145045821583895,-1.1391166245828555
725,1.3244340933005698,0.10448709617693064,-0.8234132912352093,1.477568085121784
726,0.8293170417892374,-0.3329116544957902,-0.5752154169409378,-0.7401856744869206
727,-1.1467970208996585,1.2366639631971834,1.3287816757459026,-0.9112360516665582
728,1.2753464483987231,-0.14081648335177144,0.29816973498963883,-1.3085206204791273
729,1.257302609736102,-1.8981854502857947,1.1553179607661899,0.31759588352009366
730,-0.30899244486679805,-0.33109028173468413,-0.8419436483485805,0.6415492031967851
731,-0.10539697872319465,0.4229329221809001,1.6332092677644312,1.111779069528614
732,-2.0414642804829994,0.7265910178284339,1.6382684834511878,-0.8783822023357647
733,0.7252617734877903,1.6962970206167753,0.5562065310627605,-0.40772397815236566
734,1.5453824202491124,0.9099444856330835,-1.1811384223283456,0.29911300828361614
735,0.1736615022970124,-2.57020147785781,-0.3612288877057527,1.8293739606733679
736,-1.0151302509442393,-0.10154672025844967,-1.1020014342264017,-0.04760885837865268
737,-0.7577052580707532,0.22197312494170013,-0.46026720570930146,0.3333362930095582
738,0.8645735912473648,1.9493155586224173,-0.7292231701035813,-0.6303596415203137
739,1.155188703162298,0.06149947046947776,1.038054573679076,1.2701600258386567
740,-1.9088029970238896,-1.2310035765322835,0.16053056833720505,0.9391399607719727
741,1.3118232744071718,0.14482967321386084,2.0808059338667606,0.10239808348727386
742,0.33355606722545256,1.7188340817393564,-0.8985335727119272,-0.21019759633153526
743,-0.8134638806114538,0.18009611880723694,0.2787997921351115,-1.269465189228318
744,0.5155662424400711,0.26605497190174915,-0.47442052996298206,-0.8071225222695142
745,0.1508699737769922,-0.9322837577653993,-0.03853802303663414,0.35098671645971535
746,-0.22902589005786123,1.0877598811150655,0.5129902874651769,-0.8932076167681261
747,-0.6651925169220437,-0.4788154947727684,-0.001712590940680482,0.609194159627369
748,-1.5849224946545661,-0.8523107985462106,0.48843184434872106,0.4011977666685071
749,-2.1513343070914726,0.6372508011911465,-1.3248088335612953,-1.2236970143307968
750,0.8487164252271939,-0.5474100759645999,-1.0323618116574715,-0.28450050587131354
751,-0.8194957075644086,1.4629010049268059,-0.24358089254078844,0.5443097379213075
752,-0.8775386311394349,2.340503120718128,-0.22044872220683037,1.6880235064953233
753,-0.872633555964796,1.7832967161497189,-1.900373951061565,-1.295753780505911
754,-2.1763127043095984,-0.15754207779846546,0.09272261904774944,-0.5705188065278007
755,1.4158483491228562,-0.16262519339842182,0.6860472834832219,-1.1389215655118556
756,0.004920569969850154,-0.43057146929799844,-1.1952346667486424,-0.05280818279422701
757,-0.5321630465649968,1.3639381157574317,-1.1508439856276436,2.028773895510557
758,0.13216236202539952,0.429081447818987,0.2969802035147871,0.8416643569087697
759,0.8903419213825517,1.332599802908714,0.6581895586676282,-0.21534349727409022
760,0.8698866602995493,1.255370383728471,0.43950669160355016,-0.5751829983686629
761,-3.2312875464542268,0.6226788933944041,-0.3788625461059056,-0.6638569448713212
762,1.3882151006793684,-1.1226806619994298,-1.326678343470656,-1.1336395294994688
763,-0.4093181995080748,0.7365923206129328,-2.5870604759481455,-1.3177815759158658
764,-0.5713675568239113,0.11677268299940673,-0.29596858682636545,0.26029932029303104
765,-0.027141240684364274,0.13295336558328227,0.12777097819428612,1.3948950436599237
766,1.462855285807016,0.109870148887736,-0.30811009072233775,-1.0213824767162671
767,0.008032573478928651,-0.8567889443023903,-0.41337277982100745,-0.172396521877651
768,-1.1748160709539075,-1.4923358000435192,-0.45712542956409785,0.7579434725751136
769,-0.8628978500762594,-0.4432079008285637,0.49633996089192567,0.6328336549055797
770,0.7027988898733546,-0.16313406160493202,-0.4479802897693218,-0.24650272108849836
771,-0.12033563507698959,-0.622659881181973,0.4759991677666199,-0.6469615069555442
772,-0.23077380801859096,-1.5389053723997752,0.10392557080481918,1.84614195996262
773,-0.7539437802256719,-0.5829086366599869,0.6484875133468998,-0.4422805073604967
774,-0.8820628669260496,0.25586786038750264,0.7901283795737422,0.6193317322524593
775,-0.06740845911300869,-0.03313366093466196,-1.364262551980658,0.40087500572388585
776,0.09058857353355766,-0.3174667825100894,0.04565991958513082,0.9399026431715
777,-0.21641594252935506,0.6490107943533415,-0.8258178467312854,1.259550212042986
778,-2.9338093754428436,0.4998309610309702,-1.6186574913467762,0.8241905387759144
779,0.21293157039389354,-0.376605866148039,0.14576745580622202,0.5610229315850095
780,0.17760115616207509,0.9672049690025032,1.877866425096881,-0.666718233768852
781,-0.16136136561630576,-0.7365819804660431,1.604771109414785,-0.027428743210114633
782,0.25985085643017947,0.5090584367693551,-0.38060054458218984,0.773508072995207
783,0.223077087512134,0.7775115611888831,-0.34913731737986803,-2.2030534638458144
784,-0.8128874620769709,1.841324197691711,1.4391571842727908,0.32371934527098867
785,0.33336167296099134,-0.9460201123757658,0.931205326148288,-0.7686625883553364
786,0.5405828005679056,-0.5978839922323178,1.799752082402527,0.6455940770048322
787,-0.45489034584645327,0.10018569762736342,0.9423137716081259,1.050085443998834
788,0.1413414053322693,0.039061636804417495,0.07614782305669184,-0.3287504116221956
789,-1.268785310487297,0.8234199488981745,-0.1548643162274163,-0.08041295936044786
790,0.3226531505588395,-0.40346246532184143,-0.6306756171619881,-0.5331700064042717
791,-0.7030594056644752,1.0674800500271666,-0.512645610454831,-0.35685481800557173
792,-0.44236510967109854,-1.1101375434493064,-0.4072057208853058,-1.0365354475850532
793,-0.8562444753549737,0.6349833811787058,-0.7905885068592751,-0.742069959022507
794,-0.4181609248594192,-0.768265907251175,-0.06498453464617628,-0.9410508635499362
795,-0.931496397846979,0.8528892245737525,-0.1635510246993605,0.8380677090027538
796,-0.6459850512316847,-0.4492482980601349,-0.9999842855993554,0.6732814534571977
797,3.487997793459267,-0.5481882348979624,0.12923712781724228,-0.06517143144573967
798,0.12814409765518112,-0.054956303001948696,-0.10435007622430326,0.7895719447717588
799,-0.18765545846699547,1.0840274516952928,0.6111539248497109,0.010016980881860439
800,-0.5998537741390383,1.1346180906062266,0.5200179070919262,-0.5576434727095101
801,-0.8435296042297986,0.09843312386354262,-0.16768304076481083,-0.2578666033050299
802,-2.154366257238703,0.6935922998647417,0.35299220824834054,0.8830057857754806
803,-1.579842126194301,0.09926992868653432,-0.6697699606727405,-0.6591511937478036
804,0.7520502356487792,1.9161498600327374,-0.05487368387967488,-1.3252139023445095
805,-0.5201293996223996,1.1405872319736352,2.137199391756392,0.7660686580224119
806,-1.2274932776603964,-0.4355355061348974,1.0280430304672101,0.45087194608655523
807,-0.899973995050484,-0.8553738853097518,-1.2144706607213613,0.1041245711972234
808,-0.41331800647129924,0.7940601869872779,-0.3376037680748194,0.10007950449135226
809,-1.850011623426115,-0.7509827792152004,0.06877582019843995,2.4436191665915374
810,1.5853244610319237,0.3760316091988058,-0.8989732722367961,0.09996623117889353
811,0.6658518708082262,-0.0644899654912359,-0.4869607886409196,0.6578200435965644
812,-0.8819739796311756,0.3273709624175511,1.0603175936195928,0.6311620132139661
813,0.11887741942308216,-1.0885118833387353,1.0836237869852252,0.06095477299354663
814,-0.2808401845584519,-0.2961828753754835,-0.7750439349564525,1.8643032820369079
815,0.05669702457608625,-0.5347114337729387,-0.41064410773691923,1.3331616774162092
816,0.3037773595246252,-0.14870853832939876,1.388423682653998,0.5264625599591577
817,1.5285834903487718,0.10567955572574611,-0.021334465199354585,-0.9043474176445366
818,-0.6368736225417024,1.0260773826217984,-0.5147837010569984,-1.1683624597671032
819,-1.6047770329600466,-0.22876601568555166,-0.13191438249912327,0.341108685987666
820,-1.8835660155019245,-0.11131322368523415,-1.8879453514518683,-0.23751931744621688
821,-0.9731294702957037,0.8951443893179591,0.8004355586039469,0.3926445519643694
822,0.33534245799526496,-0.3228373613800092,-0.36230111199164267,-1.5054585442146515
823,0.9453364171475118,1.0728152733341356,-0.13551713979730418,1.0587532948221359
824,-0.6229737077681674,-0.3518971321310805,0.6137000154933095,-0.7275255438748469
825,-0.5253002557412395,-0.7452252767113157,1.1466451187114428,2.670874217753984
826,-0.2661682070241668,0.47080478211037036,1.397966866047925,-1.3377286974751788
827,0.033821960129046084,-0.7342405639209024,-0.48321872762037293,-1.4088436006933893
828,1.2642949745877508,0.67257132962304,-0.5667934631828746,2.510893715590575
829,0.3560049803367589,-0.9315520461966399,-1.219775627573004,1.462063054282597
830,-0.4590158494394392,-0.13555429330793084,-1.0351632683362282,0.33419863312031434
831,-0.6393670848346863,0.40189109092563835,-0.5498867583478395,0.49390844327746314
832,-0.5049504653781138,-1.0094965418460637,-1.7674538725817472,0.5068725797798801
833,1.4080594776107571,1.0806995941039739,0.28213507550413497,-0.4136477145766363
834,-0.8029976894139946,0.8002876879209816,0.04846503812867635,-0.09323945446724967
835,-0.26788956417898535,0.7483090948997955,-0.16510995518744218,1.0243058094991302
836,1.03147204165843,-0.7067431805515735,0.24174050842311015,-0.32695096750442754
837,0.28234261501744107,-0.6769278895737889,0.75972019054144,-0.30000528671728705
838,-2.0456241603842638,0.45684717517919765,0.4689764765448711,0.3576070859401701
839,2.392536224794895,-0.7972958835822073,-0.48717634474156624,-0.11449878370271482
840,1.7526016180476132,-0.21792388311390415,-0.6304257341399091,-1.4188117418419262
841,0.4393031468306247,-2.1570000919686714,1.921793252416015,1.0235947891660182
842,-0.8874226746682193,-1.921013326048418,0.7438681097087386,-0.5152506097004699
843,-0.9210252100280283,1.5356380865915862,-0.914052342694286,-1.8673954268700466
844,0.6699005126440603,0.9306704063858126,0.08458287819692195,-0.16231402199151157
845,-0.7763828438640747,0.9513248612884996,0.5931637617322931,-0.29245039463196254
846,-0.6532732672941451,0.3118972172288861,-0.5932728878984401,-1.060641228561047
847,-0.31729508067414597,0.052294122548476166,-0.31997197207831796,-0.44416646773461244
848,-0.3130889310264269,0.7440550533148883,-0.766231416900003,1.5190474994682752
849,0.8392790919055912,-0.33636287914659807,-2.194267704923236,-0.8886185397761096
850,2.6597311988057126,-0.19960937438294543,0.8850590561689927,0.5008081218036482
851,-1.0073611204275634,0.2742551427020109,0.6401020490643196,-0.8543463370530211
852,-0.13722573198715815,0.7153487398033962,-0.8686225275859015,-1.2724762535905525
853,-0.5613624672601365,1.5161197755542006,0.7612890181728873,0.47985412318332255
854,1.1453029578163159,0.15454923859666406,1.1515072388367134,0.08949826329207075
855,-1.2020917501875361,1.0597508340685513,1.475855062554454,-0.9188806250803694
856,-1.1728270068436755,-0.26942205878088715,-0.8057127101722233,-1.3062344482798298
857,-0.2563623901886221,0.1395306934239496,1.3158492882798973,-1.1693639278014945
858,0.5840553785081477,-0.9229972157669292,-0.45357511011388413,-0.5432123272851125
859,-0.29780601317396116,0.47562642152538676,-0.8548102102001778,-0.332108873576709
860,0.998845657684171,0.3478302797102314,0.33533607852063696,-0.9046731744364462
861,-0.16406235369142877,-1.3869159117034402,-1.5911307989088184,-2.5359264254956426
862,-0.2904412921104266,0.28525182014183836,0.2272288056370931,0.2842732403975136
863,-1.538955843504559,-0.24126735457356369,-1.2868215479821554,-1.8684702589315836
864,-0.005350586177636693,1.0679972517681433,0.3371622341533295,0.6634484157256167
865,-1.5231485852967361,1.030833154915295,-0.7021633854308584,0.06067605416777564
866,-0.8396723226812196,-1.095174415623561,-0.8225163620197469,2.1303924635874383
867,0.0946365513340377,-0.7600096835077366,0.7334128343821398,-0.2007352396482287
868,-0.054853121009158026,0.6965401759821216,1.3090159308370124,-0.6493622971996796
869,-0.5545733851840018,-0.6968024260569448,-0.6032424582121113,-2.581750036450723
870,-0.8133382746077733,-0.04104179166318022,0.328464136136436,0.3907679647187379
871,-0.9078880528020526,0.04006319532557578,-0.14338087432319516,-2.887587799675559
872,-0.33835809327877403,1.045127001216911,0.8292637568272742,0.40441359867676746
873,2.3258871859359935,-2.6915425782210622,0.7744256811247328,0.33711150129569645
874,2.546658788978091,-0.8053260024167122,-0.14607370915067647,-0.5792042532239415
875,0.8381048429914381,1.0935598182541013,0.10214411154874024,-0.9720272294338534
876,-0.5249247714485862,0.011322073373774626,-1.2947141172253178,-1.1175891344299829
877,0.4275553078035383,0.7343044670291814,-0.34080391259402343,1.1316665977799463
878,0.8785144036873274,-0.859942492747345,-0.4597709271896025,0.4315298984789531
879,0.8083520350136347,-0.15891960692969156,0.21444881606631785,0.8019269107009239
880,-0.8693509127224165,-0.365823241598346,0.9480222781367674,1.1840573553267748
881,1.5021512098976952,-0.2636618306052491,-0.39198778256092565,0.040222553984268224
882,0.13073054784730342,-0.11801391659086913,1.1116014453361949,2.3289624979897448
883,-0.7121746952606454,0.6232991550676658,-0.16141636571919005,-0.9956163921715085
884,-0.16479152966087127,0.805533736188322,-0.319857497075844,1.4440960663292048
885,-1.2304519273205736,1.4532471839893515,0.22690837996325625,0.4990130812309784
886,1.5916719558557846,-0.791855436593532,-0.03224700785091363,1.6288694940349275
887,1.663384361152379,-0.2712325115725522,0.7011942348841544,1.827701331566392
888,-0.47787267402746736,1.0049669329718316,-0.22797375772461453,0.7787371167225604
889,-0.10589823254317247,0.6367556186834318,-0.37988885186673405,-0.17830417272200266
890,-0.7249156186522142,-2.38467600828826,0.16554148344973577,0.2139339818642978
891,-1.179968116618786,0.9107473412551493,1.6535245820874696,0.23536346182228812
892,-0.29504601076134956,-1.664445929422842,0.3544006479078106,-0.6725314358533738
893,0.19343730731311257,0.05316850755543158,-1.4156567480013003,-0.06447234138872504
894,0.6945137302264384,0.683070737219134,1.2508763671233438,0.5018202624429411
895,1.822158920147089,-0.9275175434626299,0.19497440481976058,-0.9135217769372468
896,1.260210762923563,-0.3059211991545633,-0.3040563510613111,1.3553751724732268
897,1.1822239530714576,0.1850653091758537,0.04112011688666667,-0.6555820681701051
898,0.6023304910733301,0.5130965486714462,0.9092997196397056,-1.2201997917692826
899,0.3974636421230377,1.8249807291845448,0.01687110691640994,-0.49172480501724714
900,-0.7901247899856657,0.4110210631008266,-1.5825749647702467,0.04154517891945834
901,0.5173244431621121,-0.6358562361817811,-0.4947734597256961,-0.8912367288114095
902,0.04696810699546369,-1.5519403618286105,0.34296155034686787,-0.803500826262644
903,0.9876377925819375,0.011584577346741589,0.6094936689443122,-1.1255025768845786
904,0.7141579731005279,-0.6468327656494741,-1.4266137124282836,0.380315926284052
905,-0.5501604953820459,-0.041692490673415496,1.9920536112933205,0.127020867884387
906,-1.19660967950456,1.9465819379727738,-0.09713515731897379,0.0238911030013469
907,0.3795333423828201,-0.41427001754575127,-0.7244197250956231,-0.14387545668501947
908,-0.0490525224633854,1.0489495724510571,0.6752744980391643,0.32128119135198613
909,-1.5526250876713303,-0.21954915507557227,-1.2618317247491224,-0.03805301465172089
910,0.8806595040784372,0.14062616516353754,0.11175338968281381,-0.33185680672719786
911,-1.2248848149965839,0.36367202247667446,1.6750214306136597,-0.3750056471443082
912,2.2792060225135047,-0.5021163661841056,-0.2815424974027589,1.8352112344875218
913,2.6711139005980247,-0.5680115095887919,0.3357633032920268,-1.2727303521467896
914,-3.297623371508371,1.0608464986860169,-1.195325465084373,1.5021280725776331
915,0.2117938942112635,0.5062707931680476,0.4133978833936256,0.09029800513621847
916,-0.36288856962226546,-0.7651536949916379,-0.05058551920370079,0.5285784368264463
917,0.07350455797565499,0.2563725422393505,0.4094697845104582,-0.6884199268334219
918,-1.9640007803800505,0.5426192374041038,-0.961585076867851,0.8861503775223202
919,-0.29994333104650817,1.6310126453041605,-1.1352091937209468,-0.18016945953807065
920,0.16043212986749356,-1.032000872323152,0.7942678883171316,-0.8884330894101048
921,-0.0728209179566389,-1.768361116760867,-0.5021009150587254,0.4708341406904199
922,1.4670928280566844,-0.03769532411978877,0.13726140517335433,0.06617155432086863
923,-0.8268824637888867,0.40020441020570974,0.0455632446032695,0.0004812599627693968
924,-0.8506999810877164,-1.4794465336855926,-0.9827857185465131,0.22420873452445023
925,-1.213613038937896,0.22902042483255627,0.2343692321316993,-0.37571750844516144
926,-0.945324268055081,0.640957364241484,0.4949523896379003,-0.15146524119272367
927,2.0140073067436615,0.0910980357414765,-0.6571698730908709,-2.474287343125294
928,0.8000461003265722,-0.25268377000357495,-1.548082176190783,-0.8683920857383152
929,-0.17665020830197392,-0.706906730624634,-1.5673315462388748,1.2435501754747755
930,1.7506567166987463,-1.4783187530759716,0.07543364375856429,-0.338287091100472
931,-0.43126462001227833,-0.8776471048655964,-0.5988599400418813,-0.9180444666887397
932,-2.390904495057041,0.008357845945993595,-1.1991676159262852,-0.06217260155756886
933,0.08285771410766561,0.8728601779951691,-0.7380969940089513,1.1226751996952333
934,-2.645889310629218,2.5024424863144965,-0.1596071726812149,-0.38019371903308724
935,0.8800812323830283,-1.0749640028900436,-0.8945694629171125,0.7282216151333656
936,-1.1984356744247306,0.7048174034909391,0.6461727467350654,0.7427667159672542
937,-0.16994295282080907,-0.3545827016552295,-0.7944470384708404,-1.1212810169380285
938,-0.4248962336271046,0.12407910825432086,0.4145533292343621,-2.066048847199451
939,-1.4088698053196247,-0.004978304632323579,0.12378126359506336,0.24973041613255723
940,-2.068193788843398,0.6534837654061496,-0.05370758938005233,1.6757393750099456
941,-0.8486477490563474,1.8874054388030654,0.904062143330073,-1.0206993949892007
942,-2.5848003727659337,0.6906199901843183,1.2654403395482574,-0.8333309870587551
943,1.0746271885211398,-0.6254037903178064,-0.46767129701340493,-0.01466891948471279
944,1.6982412121244328,0.43073280275913617,-0.5823827056631029,-0.022686525538608334
945,-0.6486541320193655,-0.900671394914403,0.8061549843938564,1.695386584998189
946,-0.6949645470297591,-0.4193096824572353,-0.7847817834675174,-0.5080585954970198
947,-1.1112621350927878,0.04019722082596003,-1.2201191651989638,0.03411404591449363
948,-0.5929525556129397,1.276528013927691,1.5472498459763617,-0.8135372284539757
949,0.18157652156946377,-0.14026467155412453,0.07629440299259029,-0.08775500081380291
950,0.012057794686192619,-0.12464046880644422,-1.2892995881362184,-0.5718972675713346
951,0.05324481303946222,0.21312067501453896,0.9359916367409146,-0.7301556207236467
952,0.4553385485398849,0.7500853829495315,-0.24983520586817512,-0.6904636861443681
953,1.6052842202138098,-0.19186706011536078,-1.2833178555980804,-0.8039420767422317
954,-0.23395536622156643,0.15143929728025513,0.38367575572671003,-0.8088555497674951
955,0.3901070840950554,0.37081084615653953,0.34618993133413456,0.8594775044226538
956,0.06313313868345688,0.27231910170332563,0.4075343926086227,0.1523780097987329
957,0.32127318164022517,1.9880262183536412,0.1369434765768204,1.2242198210066506
958,-0.6832995646943896,0.5072279194890195,0.08014875171886196,1.5800965092543193
959,0.33640550052051144,0.5707271700812117,0.825135458403744,-1.95144104491114
960,0.5298423988506699,0.3784811371429693,-0.06675839325871569,0.5677231857222027
961,0.2633309223141156,1.6115510276289622,1.323119996458441,0.6823574193004003
962,0.3936825815060909,0.6908525434322839,2.039080775110617,-0.1282130314022753
963,-0.7002263922427955,0.04788966430555564,0.8501333663203525,-0.05514668229893286
964,-2.5043900760889053,-0.5481047988629594,-1.8554709602464268,0.806179795277465
965,-0.49682902415298846,0.8272021322913176,1.3238765205786336,-0.5765275061664512
966,-0.9509365536550117,-1.4449237128580499,-0.23308430893408438,1.6711270660412658
967,0.04906715242776132,-0.14870439007044592,1.0686550495000302,0.0250328285984508
968,-0.20171262455681957,0.08659751515869474,-0.012203161673929234,-1.4341025530914155
969,0.5360483026065805,1.212397747119295,-1.155868997659374,0.7781902147938167
970,-0.756344618966752,-1.0648172401302358,-1.2024659571035325,1.229769168887389
971,0.37937984574603123,0.0212519771426157,-0.40727152928528043,-0.9642234738395287
972,0.40575713109534883,-0.0855263261936925,-0.03421695462177383,0.9549111649142519
973,0.21206785524182034,-0.6129920804499639,1.2472385448915273,-0.5324729372443067
974,-0.14418954047266178,-1.2891486417942095,-0.29821316390130853,-0.913792644479975
975,-0.5302211757078638,-0.6719924985711683,-1.1060566865814163,-0.4039556253586022
976,-0.1386128865596757,1.739225391159658,-0.748035914010793,0.35690801668113586
977,-0.46323582046278494,0.7425359698561291,0.3243232075767774,-0.5443165045309152
978,0.18852377050676147,1.5269203960058233,-0.000684731313104046,1.0631842671221512
979,0.4460831627271796,0.42445177832444486,0.6356376749073334,-0.8266342114448282
980,1.2601850345401193,0.48824733401579046,0.0643540713726466,1.9016627525271144
981,0.11386389597941263,-0.4963991741967571,-0.03274909796320503,0.5275334185589282
982,-0.17721381593322227,-0.788057819310234,-1.6312032078466157,1.0470877408569002
983,0.2647108749943829,0.2412741183168783,-0.507523451972901,-0.7893993674990801
984,0.4487832338271051,0.4110031526117477,-0.75399007884639,0.30565460436204184
985,-0.29181291526286673,-0.6027220945958048,-1.552464032903476,0.5323426890283228
986,0.4054082230291798,1.848449398338138,-2.078695003378202,0.3726325218120761
987,1.086023766544154,-1.789049130442111,-0.41242767195265256,-0.6808360141132621
988,0.08676388993537794,-0.04280234785625038,-1.047986790268871,-0.9481234538980823
989,2.031674422539981,-1.5807831947909463,0.28229104342052397,-1.0915129704920399
990,0.6396528530957677,0.6409078478666812,0.18434781338206976,-0.06252369138430461
991,-2.2000969118365767,0.3187055980349763,-0.5955334656569489,-0.3278336052156068
992,-0.9768016564605009,-1.3170781896828985,0.8780523286605163,0.5233718793498876
993,-0.01669774239016506,0.1987657553654858,-0.8757677948803079,-0.4000196507382875
994,0.13277484335299866,-1.0766351697204848,0.4073393513894419,-1.3667627262584108
995,0.35514981475637986,0.21542197086079942,1.4469857141241196,-1.312467934445124
996,0.5967488809111694,0.4713645278415843,0.0910857929235677,0.7273136914813857
997,0.18571038807790768,1.452706940082939,0.8461198719487024,-0.9064424662571776
998,-0.7826343690939687,0.2940839885105826,-0.13863565544949136,1.1498373905883617
